field,threshold,left,right
amount,146.5,1,2
income,120.36,3,4
income,119.5,5,6
income,31.5,7,8
income,121.5,9,10
Refinancing,0.5,11,12
income,120.86,13,14
amount,63.5,15,16
amount,92.5,17,18
Home purchase,0.5,19,20
income,424.5,21,22
income,53.5,23,24
income,54.5,25,26
Home purchase,0.5,27,28
amount,326.5,29,30
Refinancing,0.5,31,32
income,17.5,33,34
amount,3.5,35,36
Home purchase,0.5,37,38
amount,48.5,39,40
amount,89.5,41,42
amount,35.5,43,44
class,1,-1,-1
income,30.5,45,46
income,55.5,47,48
income,13.0,49,50
amount,465.5,51,52
Refinancing,0.5,53,54
amount,658.5,55,56
Home purchase,0.5,57,58
amount,727.5,59,60
class,0,-1,-1
class,0,-1,-1
class,0,-1,-1
class,0,-1,-1
class,0,-1,-1
class,0,-1,-1
class,0,-1,-1
class,1,-1,-1
class,0,-1,-1
class,0,-1,-1
class,0,-1,-1
class,0,-1,-1
class,1,-1,-1
class,0,-1,-1
class,0,-1,-1
class,1,-1,-1
class,1,-1,-1
class,1,-1,-1
class,0,-1,-1
class,0,-1,-1
class,1,-1,-1
class,0,-1,-1
class,1,-1,-1
class,0,-1,-1
class,0,-1,-1
class,1,-1,-1
class,1,-1,-1
class,1,-1,-1
class,1,-1,-1
class,1,-1,-1
