field,threshold,left,right
White,0.5,1,2
Asian,0.5,3,4
amount,140.5,5,6
Black or African American,0.5,7,8
Home purchase,0.5,9,10
income,31.5,11,12
Refinancing,0.5,13,14
income,120.81,15,16
amount,144.5,17,18
amount,150.0,19,20
income,34.5,21,22
income,21.5,23,24
amount,1.5,25,26
income,53.5,27,28
income,55.5,29,30
income,115.5,31,32
income,268.5,33,34
income,29.5,35,36
Home purchase,0.5,37,38
amount,101.5,39,40
amount,180.0,41,42
amount,176.0,43,44
income,199.0,45,46
amount,59.5,47,48
amount,58.5,49,50
Home improvement,0.5,51,52
income,119.5,53,54
income,30.5,55,56
income,100.5,57,58
amount,142.5,59,60
amount,276.5,61,62
class,0,-1,-1
class,0,-1,-1
class,0,-1,-1
class,1,-1,-1
class,0,-1,-1
class,0,-1,-1
class,0,-1,-1
class,1,-1,-1
class,0,-1,-1
class,0,-1,-1
class,1,-1,-1
class,1,-1,-1
class,0,-1,-1
class,1,-1,-1
class,1,-1,-1
class,1,-1,-1
class,0,-1,-1
class,0,-1,-1
class,0,-1,-1
class,0,-1,-1
class,0,-1,-1
class,1,-1,-1
class,1,-1,-1
class,0,-1,-1
class,0,-1,-1
class,1,-1,-1
class,1,-1,-1
class,1,-1,-1
class,1,-1,-1
class,0,-1,-1
class,1,-1,-1
class,1,-1,-1
