field,threshold,left,right
income,28.50,27,52
class,0,-1,-1
class,0,-1,-1
amount,59.00,1,2
class,1,-1,-1
class,1,-1,-1
amount,519.50,4,5
amount,424.00,3,6
class,1,-1,-1
class,0,-1,-1
class,0,-1,-1
amount,72.50,9,10
amount,255.00,11,8
Female,0.5,7,12
class,0,-1,-1
class,0,-1,-1
class,0,-1,-1
class,1,-1,-1
class,1,-1,-1
class,1,-1,-1
class,0,-1,-1
income,22.50,14,15
Home purchase,0.5,16,17
amount,231.00,18,19
income,5.00,23,20
amount,99.50,21,22
amount,200.50,25,24
Male,0.5,13,26
class,0,-1,-1
class,0,-1,-1
class,1,-1,-1
class,0,-1,-1
Male,0.5,28,29
income,1150.00,30,31
income,200.50,32,33
amount,1.50,36,34
class,0,-1,-1
class,0,-1,-1
class,1,-1,-1
class,1,-1,-1
class,1,-1,-1
class,1,-1,-1
class,0,-1,-1
class,0,-1,-1
class,1,-1,-1
income,34.50,37,38
amount,234.50,39,40
amount,116.00,41,42
income,104.50,43,44
amount,230.50,45,46
income,38.50,47,48
Refinancing,0.50,49,50
amount,105.50,35,51